image_i,image_j,keypoints_i,keypoints_j,raw_matches,filtered_matches,ransac_inliers,inlier_ratio,mean_epipolar_error_all,median_epipolar_error_all,mean_epipolar_error_inliers,median_epipolar_error_inliers,max_epipolar_error_inliers,fundamental_matrix
IMG_5795.jpg,IMG_5829.jpg,898,1273,898,11,7,0.6363636363636364,27.739817173825188,2.913356503572429e-13,2.1739889450573294e-13,1.5645040306227817e-13,5.429132981173653e-13,"[[9.348573128327328e-05, -1.723812348063385e-05, -0.03159113180983333], [-8.47085473019814e-05, 3.6396229556853346e-05, 0.037843212682467584], [-0.018633348746544823, -0.008502220986918808, 1.0]]"
