image_i,image_j,keypoints_i,keypoints_j,raw_matches,filtered_matches,ransac_inliers,inlier_ratio,mean_epipolar_error_all,median_epipolar_error_all,mean_epipolar_error_inliers,median_epipolar_error_inliers,max_epipolar_error_inliers,fundamental_matrix
IMG_5795.jpg,IMG_5803.jpg,898,954,898,234,32,0.13675213675213677,91.73303282038076,22.85841247629267,0.3076547799243203,0.2839245897339808,0.785824743326547,"[[4.235518953205247e-07, 5.493630240939715e-07, -0.0011623219914780121], [3.7200833321782846e-06, 3.3851434808125844e-07, -0.008829933189778752], [-0.0011711167142305628, 0.0056846085453205585, 0.9999999999999999]]"
