image_i,image_j,keypoints_i,keypoints_j,raw_matches,filtered_matches,ransac_inliers,inlier_ratio,mean_epipolar_error_all,median_epipolar_error_all,mean_epipolar_error_inliers,median_epipolar_error_inliers,max_epipolar_error_inliers,fundamental_matrix
IMG_5795.JPG,IMG_5843.JPG,500,500,500,15,8,0.5333333333333333,59.01013613430671,0.2721361435188208,0.03401701794118836,4.253028032374984e-13,0.2721361435188208,"[[6.600047815053466e-07, 3.390060095630805e-07, -0.0008941841572742462], [4.508854475691065e-07, 5.271899343995134e-07, -0.0008815262460025348], [-0.0006160797410005541, -0.000497002152113957, 1.0]]"
